{
  "description": "Network exchange rate with upper bound timestamp",
  "setup": {
    "filedata": [
      {
        "consensus_timestamp": 1234567890900800100,
        "entity_id": 112,
        "file_data": "0a1008b0ea0110cac1181a0608a0a1d09306121008b0ea0110e18e191a0608b0bdd09306",
        "transaction_type": 17
      },
      {
        "consensus_timestamp": 1234567890900800200,
        "entity_id": 112,
        "file_data": "0a1008b0ea0110f5f3191a06089085d09306121008b0ea0110cac1181a0608a0a1d09306",
        "transaction_type": 16
      },
      {
        "consensus_timestamp": 1234567890900800300,
        "entity_id": 112,
        "file_data": "0a1008b0ea0110e9c81a1a060880e9cf9306121008b0ea0110f5f3191a06089085d09306",
        "transaction_type": 19
      },
      {
        "consensus_timestamp": 1234567890900800400,
        "entity_id": 112,
        "file_data": "0a1008b0ea0110f9bb1b1a0608f0cccf9306121008b0ea0110e9c81a1a060880e9cf9306",
        "transaction_type": 19
      }
    ]
  },
  "urls": [
    "/api/v1/network/exchangerate?timestamp=1234567890.900800299",
    "/api/v1/network/exchangerate?timestamp=eq:1234567890.900800299",
    "/api/v1/network/exchangerate?timestamp=lt:1234567890.900800300",
    "/api/v1/network/exchangerate?timestamp=lte:1234567890.900800299"
  ],
  "responseStatus": 200,
  "responseJson": {
    "current_rate": {
      "cent_equivalent": 424437,
      "expiration_time": 1651770000,
      "hbar_equivalent": 30000
    },
    "next_rate": {
      "cent_equivalent": 401610,
      "expiration_time": 1651773600,
      "hbar_equivalent": 30000
    },
    "timestamp": "1234567890.900800200"
  }
}
